Name,Face
Sabrina,3
Stefan,4
Sabrina,3
Stefan,4
Sabrina,6
Sabrina,4
Stefan,6
Stefan,5
Sabrina,2
Stefan,6
Stefan,3
Sabrina,3
Stefan,3
Sabrina,2
Stefan,5
Sabrina,5
Stefan,3
Sabrina,5
Stefan,3
Sabrina,4
Stefan,5
Sabrina,3
Stefan,2
Sabrina,3
Stefan,5
Sabrina,2
Stefan,5
Sabrina,3
Stefan,3
Sabrina,6
Sabrina,5
Stefan,2
Sabrina,5
Stefan,1
Sabrina,6
Sabrina,5
Stefan,5
Sabrina,5
Stefan,3
Sabrina,3
Stefan,3
Sabrina,4
Stefan,3
Sabrina,3
Stefan,6
Stefan,6
Stefan,2
Sabrina,1
Stefan,2
Sabrina,1
Stefan,1
Sabrina,5
Stefan,5
Sabrina,1
Stefan,5
Sabrina,5
Stefan,1
Sabrina,4
Stefan,1
Sabrina,5
Stefan,5
Sabrina,5
Stefan,6
Stefan,3
Sabrina,3
Stefan,2
Sabrina,3
Stefan,4
Sabrina,6
Sabrina,2
Stefan,3
Sabrina,5
Stefan,6
